Symbol,Year
MMM,2020
ABT,2020
ABBV,2020
ABMD,2020
ACN,2020
ATVI,2020
ADBE,2020
AMD,2020
AAP,2020
AES,2020
AFL,2020
A,2020
APD,2020
AKAM,2020
ALK,2020
ALB,2020
ARE,2020
ALXN,2020
ALGN,2020
ALLE,2020
LNT,2020
ALL,2020
GOOGL,2020
GOOG,2020
MO,2020
AMZN,2020
AMCR,2020
AEE,2020
AAL,2020
AEP,2020
AXP,2020
AIG,2020
AMT,2020
AWK,2020
AMP,2020
ABC,2020
AME,2020
AMGN,2020
APH,2020
ADI,2020
ANSS,2020
ANTM,2020
AON,2020
AOS,2020
APA,2020
AAPL,2020
AMAT,2020
APTV,2020
ADM,2020
ANET,2020
AJG,2020
AIZ,2020
T,2020
ATO,2020
ADSK,2020
ADP,2020
AZO,2020
AVB,2020
AVY,2020
BKR,2020
BLL,2020
BAC,2020
BK,2020
BAX,2020
BDX,2020
BRK.B,2020
BBY,2020
BIO,2020
BIIB,2020
BLK,2020
BA,2020
BKNG,2020
BWA,2020
BXP,2020
BSX,2020
BMY,2020
AVGO,2020
BR,2020
BF.B,2020
CHRW,2020
COG,2020
CDNS,2020
CPB,2020
COF,2020
CAH,2020
KMX,2020
CCL,2020
CARR,2020
CTLT,2020
CAT,2020
CBOE,2020
CBRE,2020
CDW,2020
CE,2020
CNC,2020
CNP,2020
CERN,2020
CF,2020
SCHW,2020
CHTR,2020
CVX,2020
CMG,2020
CB,2020
CHD,2020
CI,2020
CINF,2020
CTAS,2020
CSCO,2020
C,2020
CFG,2020
CTXS,2020
CLX,2020
CME,2020
CMS,2020
KO,2020
CTSH,2020
CL,2020
CMCSA,2020
CMA,2020
CAG,2020
CXO,2020
COP,2020
ED,2020
STZ,2020
COO,2020
CPRT,2020
GLW,2020
CTVA,2020
COST,2020
CCI,2020
CSX,2020
CMI,2020
CVS,2020
DHI,2020
DHR,2020
DRI,2020
DVA,2020
DE,2020
DAL,2020
XRAY,2020
DVN,2020
DXCM,2020
FANG,2020
DLR,2020
DFS,2020
DISCA,2020
DISCK,2020
DISH,2020
DG,2020
DLTR,2020
D,2020
DPZ,2020
DOV,2020
DOW,2020
DTE,2020
DUK,2020
DRE,2020
DD,2020
DXC,2020
EMN,2020
ETN,2020
EBAY,2020
ECL,2020
EIX,2020
EW,2020
EA,2020
EMR,2020
ETR,2020
EOG,2020
EFX,2020
EQIX,2020
EQR,2020
ESS,2020
EL,2020
ETSY,2020
EVRG,2020
ES,2020
RE,2020
EXC,2020
EXPE,2020
EXPD,2020
EXR,2020
XOM,2020
FFIV,2020
FB,2020
FAST,2020
FRT,2020
FDX,2020
FIS,2020
FITB,2020
FE,2020
FRC,2020
FISV,2020
FLT,2020
FLIR,2020
FLS,2020
FMC,2020
F,2020
FTNT,2020
FTV,2020
FBHS,2020
FOXA,2020
FOX,2020
BEN,2020
FCX,2020
GPS,2020
GRMN,2020
IT,2020
GD,2020
GE,2020
GIS,2020
GM,2020
GPC,2020
GILD,2020
GL,2020
GPN,2020
GS,2020
GWW,2020
HAL,2020
HBI,2020
HIG,2020
HAS,2020
HCA,2020
PEAK,2020
HSIC,2020
HSY,2020
HES,2020
HPE,2020
HLT,2020
HFC,2020
HOLX,2020
HD,2020
HON,2020
HRL,2020
HST,2020
HWM,2020
HPQ,2020
HUM,2020
HBAN,2020
HII,2020
IEX,2020
IDXX,2020
INFO,2020
ITW,2020
ILMN,2020
INCY,2020
IR,2020
INTC,2020
ICE,2020
IBM,2020
IP,2020
IPG,2020
IFF,2020
INTU,2020
ISRG,2020
IVZ,2020
IPGP,2020
IQV,2020
IRM,2020
JKHY,2020
J,2020
JBHT,2020
SJM,2020
JNJ,2020
JCI,2020
JPM,2020
JNPR,2020
KSU,2020
K,2020
KEY,2020
KEYS,2020
KMB,2020
KIM,2020
KMI,2020
KLAC,2020
KHC,2020
KR,2020
LB,2020
LHX,2020
LH,2020
LRCX,2020
LW,2020
LVS,2020
LEG,2020
LDOS,2020
LEN,2020
LLY,2020
LNC,2020
LIN,2020
LYV,2020
LKQ,2020
LMT,2020
L,2020
LOW,2020
LUMN,2020
LYB,2020
MTB,2020
MRO,2020
MPC,2020
MKTX,2020
MAR,2020
MMC,2020
MLM,2020
MAS,2020
MA,2020
MKC,2020
MXIM,2020
MCD,2020
MCK,2020
MDT,2020
MRK,2020
MET,2020
MTD,2020
MGM,2020
MCHP,2020
MU,2020
MSFT,2020
MAA,2020
MHK,2020
TAP,2020
MDLZ,2020
MNST,2020
MCO,2020
MS,2020
MOS,2020
MSI,2020
MSCI,2020
NDAQ,2020
NOV,2020
NTAP,2020
NFLX,2020
NWL,2020
NEM,2020
NWSA,2020
NWS,2020
NEE,2020
NLSN,2020
NKE,2020
NI,2020
NSC,2020
NTRS,2020
NOC,2020
NLOK,2020
NCLH,2020
NRG,2020
NUE,2020
NVDA,2020
NVR,2020
ORLY,2020
OXY,2020
ODFL,2020
OMC,2020
OKE,2020
ORCL,2020
OTIS,2020
PCAR,2020
PKG,2020
PH,2020
PAYX,2020
PAYC,2020
PYPL,2020
PNR,2020
PBCT,2020
PEP,2020
PKI,2020
PRGO,2020
PFE,2020
PM,2020
PSX,2020
PNW,2020
PXD,2020
PNC,2020
POOL,2020
PPG,2020
PPL,2020
PFG,2020
PG,2020
PGR,2020
PLD,2020
PRU,2020
PEG,2020
PSA,2020
PHM,2020
PVH,2020
QRVO,2020
PWR,2020
QCOM,2020
DGX,2020
RL,2020
RJF,2020
RTX,2020
O,2020
REG,2020
REGN,2020
RF,2020
RSG,2020
RMD,2020
RHI,2020
ROK,2020
ROL,2020
ROP,2020
ROST,2020
RCL,2020
SPGI,2020
CRM,2020
SBAC,2020
SLB,2020
STX,2020
SEE,2020
SRE,2020
NOW,2020
SHW,2020
SPG,2020
SWKS,2020
SLG,2020
SNA,2020
SO,2020
LUV,2020
SWK,2020
SBUX,2020
STT,2020
STE,2020
SYK,2020
SIVB,2020
SYF,2020
SNPS,2020
SYY,2020
TMUS,2020
TROW,2020
TTWO,2020
TPR,2020
TGT,2020
TEL,2020
FTI,2020
TDY,2020
TFX,2020
TER,2020
TSLA,2020
TXN,2020
TXT,2020
TMO,2020
TIF,2020
TJX,2020
TSCO,2020
TT,2020
TDG,2020
TRV,2020
TFC,2020
TWTR,2020
TYL,2020
TSN,2020
UDR,2020
ULTA,2020
USB,2020
UAA,2020
UA,2020
UNP,2020
UAL,2020
UNH,2020
UPS,2020
URI,2020
UHS,2020
UNM,2020
VLO,2020
VAR,2020
VTR,2020
VRSN,2020
VRSK,2020
VZ,2020
VRTX,2020
VFC,2020
VIAC,2020
VTRS,2020
V,2020
VNT,2020
VNO,2020
VMC,2020
WRB,2020
WAB,2020
WMT,2020
WBA,2020
DIS,2020
WM,2020
WAT,2020
WEC,2020
WFC,2020
WELL,2020
WST,2020
WDC,2020
WU,2020
WRK,2020
WY,2020
WHR,2020
WMB,2020
WLTW,2020
WYNN,2020
XEL,2020
XRX,2020
XLNX,2020
XYL,2020
YUM,2020
ZBRA,2020
ZBH,2020
ZION,2020
ZTS,2020
MMM,2019
ABT,2019
ABBV,2019
ABMD,2019
ACN,2019
ATVI,2019
ADBE,2019
AMD,2019
AAP,2019
AES,2019
AFL,2019
A,2019
APD,2019
AKAM,2019
ALK,2019
ALB,2019
ARE,2019
ALXN,2019
ALGN,2019
ALLE,2019
AGN,2019
ADS,2019
LNT,2019
ALL,2019
GOOGL,2019
GOOG,2019
MO,2019
AMZN,2019
AMCR,2019
AEE,2019
AAL,2019
AEP,2019
AXP,2019
AIG,2019
AMT,2019
AWK,2019
AMP,2019
ABC,2019
AME,2019
AMGN,2019
APH,2019
ADI,2019
ANSS,2019
ANTM,2019
AON,2019
AOS,2019
APA,2019
AIV,2019
AAPL,2019
AMAT,2019
APTV,2019
ADM,2019
ARNC,2019
ANET,2019
AJG,2019
AIZ,2019
ATO,2019
T,2019
ADSK,2019
ADP,2019
AZO,2019
AVB,2019
AVY,2019
BKR,2019
BLL,2019
BAC,2019
BK,2019
BAX,2019
BDX,2019
BRK.B,2019
BBY,2019
BIIB,2019
BLK,2019
BA,2019
BKNG,2019
BWA,2019
BXP,2019
BSX,2019
BMY,2019
AVGO,2019
BR,2019
BF.B,2019
CHRW,2019
COG,2019
CDNS,2019
CPB,2019
COF,2019
CPRI,2019
CAH,2019
KMX,2019
CCL,2019
CAT,2019
CBOE,2019
CBRE,2019
CDW,2019
CE,2019
CNC,2019
CNP,2019
CTL,2019
CERN,2019
CF,2019
SCHW,2019
CHTR,2019
CVX,2019
CMG,2019
CB,2019
CHD,2019
CI,2019
XEC,2019
CINF,2019
CTAS,2019
CSCO,2019
C,2019
CFG,2019
CTXS,2019
CLX,2019
CME,2019
CMS,2019
KO,2019
CTSH,2019
CL,2019
CMCSA,2019
CMA,2019
CAG,2019
CXO,2019
COP,2019
ED,2019
STZ,2019
COO,2019
CPRT,2019
GLW,2019
CTVA,2019
COST,2019
COTY,2019
CCI,2019
CSX,2019
CMI,2019
CVS,2019
DHI,2019
DHR,2019
DRI,2019
DVA,2019
DE,2019
DAL,2019
XRAY,2019
DVN,2019
FANG,2019
DLR,2019
DFS,2019
DISCA,2019
DISCK,2019
DISH,2019
DG,2019
DLTR,2019
D,2019
DOV,2019
DOW,2019
DTE,2019
DUK,2019
DRE,2019
DD,2019
DXC,2019
ETFC,2019
EMN,2019
ETN,2019
EBAY,2019
ECL,2019
EIX,2019
EW,2019
EA,2019
EMR,2019
ETR,2019
EOG,2019
EFX,2019
EQIX,2019
EQR,2019
ESS,2019
EL,2019
EVRG,2019
ES,2019
RE,2019
EXC,2019
EXPE,2019
EXPD,2019
EXR,2019
XOM,2019
FFIV,2019
FB,2019
FAST,2019
FRT,2019
FDX,2019
FIS,2019
FITB,2019
FE,2019
FRC,2019
FISV,2019
FLT,2019
FLIR,2019
FLS,2019
FMC,2019
F,2019
FTNT,2019
FTV,2019
FBHS,2019
FOXA,2019
FOX,2019
BEN,2019
FCX,2019
GPS,2019
GRMN,2019
IT,2019
GD,2019
GE,2019
GIS,2019
GM,2019
GPC,2019
GILD,2019
GL,2019
GPN,2019
GS,2019
GWW,2019
HRB,2019
HAL,2019
HBI,2019
HOG,2019
HIG,2019
HAS,2019
HCA,2019
PEAK,2019
HP,2019
HSIC,2019
HSY,2019
HES,2019
HPE,2019
HLT,2019
HFC,2019
HOLX,2019
HD,2019
HON,2019
HRL,2019
HST,2019
HPQ,2019
HUM,2019
HBAN,2019
HII,2019
IEX,2019
IDXX,2019
INFO,2019
ITW,2019
ILMN,2019
IR,2019
INTC,2019
ICE,2019
IBM,2019
INCY,2019
IP,2019
IPG,2019
IFF,2019
INTU,2019
ISRG,2019
IVZ,2019
IPGP,2019
IQV,2019
IRM,2019
JKHY,2019
J,2019
JBHT,2019
SJM,2019
JNJ,2019
JCI,2019
JPM,2019
JNPR,2019
KSU,2019
K,2019
KEY,2019
KEYS,2019
KMB,2019
KIM,2019
KMI,2019
KLAC,2019
KSS,2019
KHC,2019
KR,2019
LB,2019
LHX,2019
LH,2019
LRCX,2019
LW,2019
LVS,2019
LEG,2019
LDOS,2019
LEN,2019
LLY,2019
LNC,2019
LIN,2019
LYV,2019
LKQ,2019
LMT,2019
L,2019
LOW,2019
LYB,2019
MTB,2019
M,2019
MRO,2019
MPC,2019
MKTX,2019
MAR,2019
MMC,2019
MLM,2019
MAS,2019
MA,2019
MKC,2019
MXIM,2019
MCD,2019
MCK,2019
MDT,2019
MRK,2019
MET,2019
MTD,2019
MGM,2019
MCHP,2019
MU,2019
MSFT,2019
MAA,2019
MHK,2019
TAP,2019
MDLZ,2019
MNST,2019
MCO,2019
MS,2019
MOS,2019
MSI,2019
MSCI,2019
MYL,2019
NDAQ,2019
NOV,2019
NTAP,2019
NFLX,2019
NWL,2019
NEM,2019
NWSA,2019
NWS,2019
NEE,2019
NLSN,2019
NKE,2019
NI,2019
NBL,2019
JWN,2019
NSC,2019
NTRS,2019
NOC,2019
NLOK,2019
NCLH,2019
NRG,2019
NUE,2019
NVDA,2019
NVR,2019
ORLY,2019
OXY,2019
ODFL,2019
OMC,2019
OKE,2019
ORCL,2019
PCAR,2019
PKG,2019
PH,2019
PAYX,2019
PYPL,2019
PNR,2019
PBCT,2019
PEP,2019
PKI,2019
PRGO,2019
PFE,2019
PM,2019
PSX,2019
PNW,2019
PXD,2019
PNC,2019
PPG,2019
PPL,2019
PFG,2019
PG,2019
PGR,2019
PLD,2019
PRU,2019
PEG,2019
PSA,2019
PHM,2019
PVH,2019
QRVO,2019
PWR,2019
QCOM,2019
DGX,2019
RL,2019
RJF,2019
RTN,2019
O,2019
REG,2019
REGN,2019
RF,2019
RSG,2019
RMD,2019
RHI,2019
ROK,2019
ROL,2019
ROP,2019
ROST,2019
RCL,2019
SPGI,2019
CRM,2019
SBAC,2019
SLB,2019
STX,2019
SEE,2019
SRE,2019
NOW,2019
SHW,2019
SPG,2019
SWKS,2019
SLG,2019
SNA,2019
SO,2019
LUV,2019
SWK,2019
SBUX,2019
STT,2019
STE,2019
SYK,2019
SIVB,2019
SYF,2019
SNPS,2019
SYY,2019
TMUS,2019
TROW,2019
TTWO,2019
TPR,2019
TGT,2019
TEL,2019
FTI,2019
TFX,2019
TXN,2019
TXT,2019
TMO,2019
TIF,2019
TJX,2019
TSCO,2019
TDG,2019
TRV,2019
TFC,2019
TWTR,2019
TSN,2019
UDR,2019
ULTA,2019
USB,2019
UAA,2019
UA,2019
UNP,2019
UAL,2019
UNH,2019
UPS,2019
URI,2019
UTX,2019
UHS,2019
UNM,2019
VFC,2019
VLO,2019
VAR,2019
VTR,2019
VRSN,2019
VRSK,2019
VZ,2019
VRTX,2019
VIAC,2019
V,2019
VNO,2019
VMC,2019
WRB,2019
WAB,2019
WMT,2019
WBA,2019
DIS,2019
WM,2019
WAT,2019
WEC,2019
WCG,2019
WFC,2019
WELL,2019
WDC,2019
WU,2019
WRK,2019
WY,2019
WHR,2019
WMB,2019
WLTW,2019
WYNN,2019
XEL,2019
XRX,2019
XLNX,2019
XYL,2019
YUM,2019
ZBRA,2019
ZBH,2019
ZION,2019
ZTS,2019
MMM,2018
ABT,2018
ABBV,2018
ABMD,2018
ACN,2018
ATVI,2018
ADBE,2018
AMD,2018
AAP,2018
AES,2018
AMG,2018
AFL,2018
A,2018
APD,2018
AKAM,2018
ALK,2018
ALB,2018
ARE,2018
ALXN,2018
ALGN,2018
ALLE,2018
AGN,2018
ADS,2018
LNT,2018
ALL,2018
GOOGL,2018
GOOG,2018
MO,2018
AMZN,2018
AEE,2018
AAL,2018
AEP,2018
AXP,2018
AIG,2018
AMT,2018
AWK,2018
AMP,2018
ABC,2018
AME,2018
AMGN,2018
APH,2018
APC,2018
ADI,2018
ANSS,2018
ANTM,2018
AON,2018
AOS,2018
APA,2018
AIV,2018
AAPL,2018
AMAT,2018
APTV,2018
ADM,2018
ARNC,2018
ANET,2018
AJG,2018
AIZ,2018
T,2018
ADSK,2018
ADP,2018
AZO,2018
AVB,2018
AVY,2018
BHGE,2018
BLL,2018
BAC,2018
BK,2018
BAX,2018
BBT,2018
BDX,2018
BRK.B,2018
BBY,2018
BIIB,2018
BLK,2018
HRB,2018
BA,2018
BKNG,2018
BWA,2018
BXP,2018
BSX,2018
BHF,2018
BMY,2018
AVGO,2018
BR,2018
BF.B,2018
CHRW,2018
COG,2018
CDNS,2018
CPB,2018
COF,2018
CAH,2018
KMX,2018
CCL,2018
CAT,2018
CBOE,2018
CBRE,2018
CBS,2018
CE,2018
CELG,2018
CNC,2018
CNP,2018
CTL,2018
CERN,2018
CF,2018
SCHW,2018
CHTR,2018
CVX,2018
CMG,2018
CB,2018
CHD,2018
CI,2018
XEC,2018
CINF,2018
CTAS,2018
CSCO,2018
C,2018
CFG,2018
CTXS,2018
CLX,2018
CME,2018
CMS,2018
KO,2018
CTSH,2018
CL,2018
CMCSA,2018
CMA,2018
CAG,2018
CXO,2018
COP,2018
ED,2018
STZ,2018
COO,2018
CPRT,2018
GLW,2018
COST,2018
COTY,2018
CCI,2018
CSX,2018
CMI,2018
CVS,2018
DHI,2018
DHR,2018
DRI,2018
DVA,2018
DE,2018
DAL,2018
XRAY,2018
DVN,2018
FANG,2018
DLR,2018
DFS,2018
DISCA,2018
DISCK,2018
DISH,2018
DG,2018
DLTR,2018
D,2018
DOV,2018
DWDP,2018
DTE,2018
DRE,2018
DUK,2018
DXC,2018
ETFC,2018
EMN,2018
ETN,2018
EBAY,2018
ECL,2018
EIX,2018
EW,2018
EA,2018
EMR,2018
ETR,2018
EOG,2018
EFX,2018
EQIX,2018
EQR,2018
ESS,2018
EL,2018
EVRG,2018
ES,2018
RE,2018
EXC,2018
EXPE,2018
EXPD,2018
EXR,2018
XOM,2018
FFIV,2018
FB,2018
FAST,2018
FRT,2018
FDX,2018
FIS,2018
FITB,2018
FE,2018
FISV,2018
FLT,2018
FLIR,2018
FLS,2018
FLR,2018
FMC,2018
FL,2018
F,2018
FTNT,2018
FTV,2018
FBHS,2018
BEN,2018
FCX,2018
GPS,2018
GRMN,2018
IT,2018
GD,2018
GE,2018
GIS,2018
GM,2018
GPC,2018
GILD,2018
GPN,2018
GS,2018
GT,2018
GWW,2018
HAL,2018
HBI,2018
HOG,2018
HRS,2018
HIG,2018
HAS,2018
HCA,2018
HCP,2018
HP,2018
HSIC,2018
HSY,2018
HES,2018
HPE,2018
HLT,2018
HFC,2018
HOLX,2018
HD,2018
HON,2018
HRL,2018
HST,2018
HPQ,2018
HUM,2018
HBAN,2018
HII,2018
IDXX,2018
INFO,2018
ITW,2018
ILMN,2018
IR,2018
INTC,2018
ICE,2018
IBM,2018
INCY,2018
IP,2018
IPG,2018
IFF,2018
INTU,2018
ISRG,2018
IVZ,2018
IPGP,2018
IQV,2018
IRM,2018
JKHY,2018
JEC,2018
JBHT,2018
JEF,2018
SJM,2018
JNJ,2018
JCI,2018
JPM,2018
JNPR,2018
KSU,2018
K,2018
KEY,2018
KEYS,2018
KMB,2018
KIM,2018
KMI,2018
KLAC,2018
KSS,2018
KHC,2018
KR,2018
LB,2018
LLL,2018
LH,2018
LRCX,2018
LW,2018
LEG,2018
LEN,2018
LLY,2018
LNC,2018
LIN,2018
LKQ,2018
LMT,2018
L,2018
LOW,2018
LYB,2018
MTB,2018
MAC,2018
M,2018
MRO,2018
MPC,2018
MAR,2018
MMC,2018
MLM,2018
MAS,2018
MA,2018
MAT,2018
MKC,2018
MXIM,2018
MCD,2018
MCK,2018
MDT,2018
MRK,2018
MET,2018
MTD,2018
MGM,2018
KORS,2018
MCHP,2018
MU,2018
MSFT,2018
MAA,2018
MHK,2018
TAP,2018
MDLZ,2018
MNST,2018
MCO,2018
MS,2018
MOS,2018
MSI,2018
MSCI,2018
MYL,2018
NDAQ,2018
NOV,2018
NKTR,2018
NTAP,2018
NFLX,2018
NWL,2018
NFX,2018
NEM,2018
NWSA,2018
NWS,2018
NEE,2018
NLSN,2018
NKE,2018
NI,2018
NBL,2018
JWN,2018
NSC,2018
NTRS,2018
NOC,2018
NCLH,2018
NRG,2018
NUE,2018
NVDA,2018
ORLY,2018
OXY,2018
OMC,2018
OKE,2018
ORCL,2018
PCAR,2018
PKG,2018
PH,2018
PAYX,2018
PYPL,2018
PNR,2018
PBCT,2018
PEP,2018
PKI,2018
PRGO,2018
PFE,2018
PCG,2018
PM,2018
PSX,2018
PNW,2018
PXD,2018
PNC,2018
RL,2018
PPG,2018
PPL,2018
PFG,2018
PG,2018
PGR,2018
PLD,2018
PRU,2018
PEG,2018
PSA,2018
PHM,2018
PVH,2018
QRVO,2018
PWR,2018
QCOM,2018
DGX,2018
RJF,2018
RTN,2018
O,2018
RHT,2018
REG,2018
REGN,2018
RF,2018
RSG,2018
RMD,2018
RHI,2018
ROK,2018
ROL,2018
ROP,2018
ROST,2018
RCL,2018
CRM,2018
SBAC,2018
SCG,2018
SLB,2018
STX,2018
SEE,2018
SRE,2018
SHW,2018
SPG,2018
SWKS,2018
SLG,2018
SNA,2018
SO,2018
LUV,2018
SPGI,2018
SWK,2018
SBUX,2018
STT,2018
SYK,2018
STI,2018
SIVB,2018
SYMC,2018
SYF,2018
SNPS,2018
SYY,2018
TROW,2018
TTWO,2018
TPR,2018
TGT,2018
TEL,2018
FTI,2018
TXN,2018
TXT,2018
TMO,2018
TIF,2018
TWTR,2018
TJX,2018
TMK,2018
TSS,2018
TSCO,2018
TDG,2018
TRV,2018
TRIP,2018
FOXA,2018
FOX,2018
TSN,2018
UDR,2018
ULTA,2018
USB,2018
UAA,2018
UA,2018
UNP,2018
UAL,2018
UNH,2018
UPS,2018
URI,2018
UTX,2018
UHS,2018
UNM,2018
VFC,2018
VLO,2018
VAR,2018
VTR,2018
VRSN,2018
VRSK,2018
VZ,2018
VRTX,2018
VIAB,2018
V,2018
VNO,2018
VMC,2018
WMT,2018
WBA,2018
DIS,2018
WM,2018
WAT,2018
WEC,2018
WCG,2018
WFC,2018
WELL,2018
WDC,2018
WU,2018
WRK,2018
WY,2018
WHR,2018
WMB,2018
WLTW,2018
WYNN,2018
XEL,2018
XRX,2018
XLNX,2018
XYL,2018
YUM,2018
ZBH,2018
ZION,2018
ZTS,2018
MMM,2017
ABT,2017
ABBV,2017
ACN,2017
ATVI,2017
AYI,2017
ADBE,2017
AMD,2017
AAP,2017
AES,2017
AET,2017
AMG,2017
AFL,2017
A,2017
APD,2017
AKAM,2017
ALK,2017
ALB,2017
ARE,2017
ALXN,2017
ALGN,2017
ALLE,2017
AGN,2017
ADS,2017
LNT,2017
ALL,2017
GOOGL,2017
GOOG,2017
MO,2017
AMZN,2017
AEE,2017
AAL,2017
AEP,2017
AXP,2017
AIG,2017
AMT,2017
AWK,2017
AMP,2017
ABC,2017
AME,2017
AMGN,2017
APH,2017
APC,2017
ADI,2017
ANDV,2017
ANSS,2017
ANTM,2017
AON,2017
AOS,2017
APA,2017
AIV,2017
AAPL,2017
AMAT,2017
APTV,2017
ADM,2017
ARNC,2017
AJG,2017
AIZ,2017
T,2017
ADSK,2017
ADP,2017
AZO,2017
AVB,2017
AVY,2017
BHGE,2017
BLL,2017
BAC,2017
BK,2017
BCR,2017
BAX,2017
BBT,2017
BDX,2017
BRK.B,2017
BBY,2017
BIIB,2017
BLK,2017
HRB,2017
BA,2017
BWA,2017
BXP,2017
BSX,2017
BHF,2017
BMY,2017
AVGO,2017
BF.B,2017
CHRW,2017
CA,2017
COG,2017
CDNS,2017
CPB,2017
COF,2017
CAH,2017
CBOE,2017
KMX,2017
CCL,2017
CAT,2017
CBG,2017
CBS,2017
CELG,2017
CNC,2017
CNP,2017
CTL,2017
CERN,2017
CF,2017
SCHW,2017
CHTR,2017
CHK,2017
CVX,2017
CMG,2017
CB,2017
CHD,2017
CI,2017
XEC,2017
CINF,2017
CTAS,2017
CSCO,2017
C,2017
CFG,2017
CTXS,2017
CLX,2017
CME,2017
CMS,2017
KO,2017
CTSH,2017
CL,2017
CMCSA,2017
CMA,2017
CAG,2017
CXO,2017
COP,2017
ED,2017
STZ,2017
COO,2017
GLW,2017
COST,2017
COTY,2017
CCI,2017
CSRA,2017
CSX,2017
CMI,2017
CVS,2017
DHI,2017
DHR,2017
DRI,2017
DVA,2017
DE,2017
DAL,2017
XRAY,2017
DVN,2017
DLR,2017
DFS,2017
DISCA,2017
DISCK,2017
DISH,2017
DG,2017
DLTR,2017
D,2017
DOV,2017
DWDP,2017
DPS,2017
DTE,2017
DRE,2017
DUK,2017
DXC,2017
ETFC,2017
EMN,2017
ETN,2017
EBAY,2017
ECL,2017
EIX,2017
EW,2017
EA,2017
EMR,2017
ETR,2017
EVHC,2017
EOG,2017
EQT,2017
EFX,2017
EQIX,2017
EQR,2017
ESS,2017
EL,2017
ES,2017
RE,2017
EXC,2017
EXPE,2017
EXPD,2017
ESRX,2017
EXR,2017
XOM,2017
FFIV,2017
FB,2017
FAST,2017
FRT,2017
FDX,2017
FIS,2017
FITB,2017
FE,2017
FISV,2017
FLIR,2017
FLS,2017
FLR,2017
FMC,2017
FL,2017
F,2017
FTV,2017
FBHS,2017
BEN,2017
FCX,2017
GPS,2017
GRMN,2017
IT,2017
GD,2017
GE,2017
GGP,2017
GIS,2017
GM,2017
GPC,2017
GILD,2017
GPN,2017
GS,2017
GT,2017
GWW,2017
HAL,2017
HBI,2017
HOG,2017
HRS,2017
HIG,2017
HAS,2017
HCA,2017
HCP,2017
HP,2017
HSIC,2017
HSY,2017
HES,2017
HPE,2017
HLT,2017
HOLX,2017
HD,2017
HON,2017
HRL,2017
HST,2017
HPQ,2017
HUM,2017
HBAN,2017
IDXX,2017
INFO,2017
ITW,2017
ILMN,2017
IR,2017
INTC,2017
ICE,2017
IBM,2017
INCY,2017
IP,2017
IPG,2017
IFF,2017
INTU,2017
ISRG,2017
IVZ,2017
IQV,2017
IRM,2017
JEC,2017
JBHT,2017
SJM,2017
JNJ,2017
JCI,2017
JPM,2017
JNPR,2017
KSU,2017
K,2017
KEY,2017
KMB,2017
KIM,2017
KMI,2017
KLAC,2017
KSS,2017
KHC,2017
KR,2017
LB,2017
LLL,2017
LH,2017
LRCX,2017
LEG,2017
LEN,2017
LUK,2017
LLY,2017
LNC,2017
LKQ,2017
LMT,2017
L,2017
LOW,2017
LYB,2017
MTB,2017
MAC,2017
M,2017
MRO,2017
MPC,2017
MAR,2017
MMC,2017
MLM,2017
MAS,2017
MA,2017
MAT,2017
MKC,2017
MCD,2017
MCK,2017
MDT,2017
MRK,2017
MET,2017
MTD,2017
MGM,2017
KORS,2017
MCHP,2017
MU,2017
MSFT,2017
MAA,2017
MHK,2017
TAP,2017
MDLZ,2017
MON,2017
MNST,2017
MCO,2017
MS,2017
MOS,2017
MSI,2017
MYL,2017
NDAQ,2017
NOV,2017
NAVI,2017
NTAP,2017
NFLX,2017
NWL,2017
NFX,2017
NEM,2017
NWSA,2017
NWS,2017
NEE,2017
NLSN,2017
NKE,2017
NI,2017
NBL,2017
JWN,2017
NSC,2017
NTRS,2017
NOC,2017
NCLH,2017
NRG,2017
NUE,2017
NVDA,2017
ORLY,2017
OXY,2017
OMC,2017
OKE,2017
ORCL,2017
PCAR,2017
PKG,2017
PH,2017
PDCO,2017
PAYX,2017
PYPL,2017
PNR,2017
PBCT,2017
PEP,2017
PKI,2017
PRGO,2017
PFE,2017
PCG,2017
PM,2017
PSX,2017
PNW,2017
PXD,2017
PNC,2017
RL,2017
PPG,2017
PPL,2017
PX,2017
PCLN,2017
PFG,2017
PG,2017
PGR,2017
PLD,2017
PRU,2017
PEG,2017
PSA,2017
PHM,2017
PVH,2017
QRVO,2017
PWR,2017
QCOM,2017
DGX,2017
RRC,2017
RJF,2017
RTN,2017
O,2017
RHT,2017
REG,2017
REGN,2017
RF,2017
RSG,2017
RMD,2017
RHI,2017
ROK,2017
COL,2017
ROP,2017
ROST,2017
RCL,2017
CRM,2017
SBAC,2017
SCG,2017
SLB,2017
SNI,2017
STX,2017
SEE,2017
SRE,2017
SHW,2017
SIG,2017
SPG,2017
SWKS,2017
SLG,2017
SNA,2017
SO,2017
LUV,2017
SPGI,2017
SWK,2017
SBUX,2017
STT,2017
SRCL,2017
SYK,2017
STI,2017
SYMC,2017
SYF,2017
SNPS,2017
SYY,2017
TROW,2017
TPR,2017
TGT,2017
TEL,2017
FTI,2017
TXN,2017
TXT,2017
TMO,2017
TIF,2017
TWX,2017
TJX,2017
TMK,2017
TSS,2017
TSCO,2017
TDG,2017
TRV,2017
TRIP,2017
FOXA,2017
FOX,2017
TSN,2017
UDR,2017
ULTA,2017
USB,2017
UA,2017
UAA,2017
UNP,2017
UAL,2017
UNH,2017
UPS,2017
URI,2017
UTX,2017
UHS,2017
UNM,2017
VFC,2017
VLO,2017
VAR,2017
VTR,2017
VRSN,2017
VRSK,2017
VZ,2017
VRTX,2017
VIAB,2017
V,2017
VNO,2017
VMC,2017
WMT,2017
WBA,2017
DIS,2017
WM,2017
WAT,2017
WEC,2017
WFC,2017
HCN,2017
WDC,2017
WU,2017
WRK,2017
WY,2017
WHR,2017
WMB,2017
WLTW,2017
WYN,2017
WYNN,2017
XEL,2017
XRX,2017
XLNX,2017
XL,2017
XYL,2017
YUM,2017
ZBH,2017
ZION,2017
ZTS,2017
MMM,2016
ABT,2016
ABBV,2016
ACN,2016
ATVI,2016
AYI,2016
ADBE,2016
AAP,2016
AES,2016
AET,2016
AMG,2016
AFL,2016
A,2016
APD,2016
AKAM,2016
ALK,2016
ALB,2016
AGN,2016
LNT,2016
ALXN,2016
ALLE,2016
ADS,2016
ALL,2016
GOOGL,2016
GOOG,2016
MO,2016
AMZN,2016
AEE,2016
AAL,2016
AEP,2016
AXP,2016
AIG,2016
AMT,2016
AWK,2016
AMP,2016
ABC,2016
AME,2016
AMGN,2016
APH,2016
APC,2016
ADI,2016
ANTM,2016
AON,2016
APA,2016
AIV,2016
AAPL,2016
AMAT,2016
ADM,2016
ARNC,2016
AJG,2016
AIZ,2016
T,2016
ADSK,2016
ADP,2016
AN,2016
AZO,2016
AVB,2016
AVY,2016
BHI,2016
BLL,2016
BAC,2016
BK,2016
BCR,2016
BAX,2016
BBT,2016
BDX,2016
BBBY,2016
BRK-B,2016
BBY,2016
BIIB,2016
BLK,2016
HRB,2016
BA,2016
BWA,2016
BXP,2016
BSX,2016
BMY,2016
AVGO,2016
BF-B,2016
CHRW,2016
CA,2016
COG,2016
CPB,2016
COF,2016
CAH,2016
HSIC,2016
KMX,2016
CCL,2016
CAT,2016
CBG,2016
CBS,2016
CELG,2016
CNC,2016
CNP,2016
CTL,2016
CERN,2016
CF,2016
SCHW,2016
CHTR,2016
CHK,2016
CVX,2016
CMG,2016
CB,2016
CHD,2016
CI,2016
XEC,2016
CINF,2016
CTAS,2016
CSCO,2016
C,2016
CFG,2016
CTXS,2016
CLX,2016
CME,2016
CMS,2016
COH,2016
KO,2016
CTSH,2016
CL,2016
CMCSA,2016
CMA,2016
CAG,2016
CXO,2016
COP,2016
ED,2016
STZ,2016
GLW,2016
COST,2016
COTY,2016
CCI,2016
CSRA,2016
CSX,2016
CMI,2016
CVS,2016
DHI,2016
DHR,2016
DRI,2016
DVA,2016
DE,2016
DLPH,2016
DAL,2016
XRAY,2016
DVN,2016
DLR,2016
DFS,2016
DISCA,2016
DISCK,2016
DG,2016
DLTR,2016
D,2016
DOV,2016
DOW,2016
DPS,2016
DTE,2016
DD,2016
DUK,2016
DNB,2016
ETFC,2016
EMN,2016
ETN,2016
EBAY,2016
ECL,2016
EIX,2016
EW,2016
EA,2016
EMR,2016
ENDP,2016
ETR,2016
EVHC,2016
EOG,2016
EQT,2016
EFX,2016
EQIX,2016
EQR,2016
ESS,2016
EL,2016
ES,2016
EXC,2016
EXPE,2016
EXPD,2016
ESRX,2016
EXR,2016
XOM,2016
FFIV,2016
FB,2016
FAST,2016
FRT,2016
FDX,2016
FIS,2016
FITB,2016
FSLR,2016
FE,2016
FISV,2016
FLIR,2016
FLS,2016
FLR,2016
FMC,2016
FTI,2016
FL,2016
F,2016
FTV,2016
FBHS,2016
BEN,2016
FCX,2016
FTR,2016
GPS,2016
GRMN,2016
GD,2016
GE,2016
GGP,2016
GIS,2016
GM,2016
GPC,2016
GILD,2016
GPN,2016
GS,2016
GT,2016
GWW,2016
HAL,2016
HBI,2016
HOG,2016
HAR,2016
HRS,2016
HIG,2016
HAS,2016
HCA,2016
HCP,2016
HP,2016
HES,2016
HPE,2016
HOLX,2016
HD,2016
HON,2016
HRL,2016
HST,2016
HPQ,2016
HUM,2016
HBAN,2016
ITW,2016
ILMN,2016
IR,2016
INTC,2016
ICE,2016
IBM,2016
IP,2016
IPG,2016
IFF,2016
INTU,2016
ISRG,2016
IVZ,2016
IRM,2016
JEC,2016
JBHT,2016
SJM,2016
JNJ,2016
JCI,2016
JPM,2016
JNPR,2016
KSU,2016
K,2016
KEY,2016
KMB,2016
KIM,2016
KMI,2016
KLAC,2016
KSS,2016
KHC,2016
KR,2016
LB,2016
LLL,2016
LH,2016
LRCX,2016
LEG,2016
LEN,2016
LVLT,2016
LUK,2016
LLY,2016
LNC,2016
LLTC,2016
LKQ,2016
LMT,2016
L,2016
LOW,2016
LYB,2016
MAA,2016
MTB,2016
MAC,2016
M,2016
MNK,2016
MRO,2016
MPC,2016
MAR,2016
MMC,2016
MLM,2016
MAS,2016
MA,2016
MAT,2016
MKC,2016
MCD,2016
MCK,2016
MJN,2016
MDT,2016
MRK,2016
MET,2016
MTD,2016
KORS,2016
MCHP,2016
MU,2016
MSFT,2016
MHK,2016
TAP,2016
MDLZ,2016
MON,2016
MNST,2016
MCO,2016
MS,2016
MOS,2016
MSI,2016
MUR,2016
MYL,2016
NDAQ,2016
NOV,2016
NAVI,2016
NTAP,2016
NFLX,2016
NWL,2016
NFX,2016
NEM,2016
NWSA,2016
NWS,2016
NEE,2016
NLSN,2016
NKE,2016
NI,2016
NBL,2016
JWN,2016
NSC,2016
NTRS,2016
NOC,2016
NRG,2016
NUE,2016
NVDA,2016
ORLY,2016
OXY,2016
OMC,2016
OKE,2016
ORCL,2016
PCAR,2016
PH,2016
PDCO,2016
PAYX,2016
PYPL,2016
PNR,2016
PBCT,2016
PEP,2016
PKI,2016
PRGO,2016
PFE,2016
PCG,2016
PM,2016
PSX,2016
PNW,2016
PXD,2016
PBI,2016
PNC,2016
RL,2016
PPG,2016
PPL,2016
PX,2016
PCLN,2016
PFG,2016
PG,2016
PGR,2016
PLD,2016
PRU,2016
PEG,2016
PSA,2016
PHM,2016
PVH,2016
QRVO,2016
PWR,2016
QCOM,2016
DGX,2016
RRC,2016
RTN,2016
O,2016
RHT,2016
REGN,2016
RF,2016
RSG,2016
RAI,2016
RHI,2016
ROK,2016
COL,2016
ROP,2016
ROST,2016
RCL,2016
R,2016
CRM,2016
SCG,2016
SLB,2016
SNI,2016
STX,2016
SEE,2016
SRE,2016
SHW,2016
SIG,2016
SPG,2016
SWKS,2016
SLG,2016
SNA,2016
SO,2016
LUV,2016
SWN,2016
SE,2016
SPGI,2016
STJ,2016
SWK,2016
SPLS,2016
SBUX,2016
STT,2016
SRCL,2016
SYK,2016
STI,2016
SYMC,2016
SYF,2016
SYY,2016
TROW,2016
TGT,2016
TEL,2016
TGNA,2016
TDC,2016
TSO,2016
TXN,2016
TXT,2016
COO,2016
HSY,2016
TRV,2016
TMO,2016
TIF,2016
TWX,2016
TJX,2016
TMK,2016
TSS,2016
TSCO,2016
TDG,2016
RIG,2016
TRIP,2016
FOXA,2016
FOX,2016
TSN,2016
UDR,2016
ULTA,2016
USB,2016
UA,2016
UAA,2016
UNP,2016
UAL,2016
UNH,2016
UPS,2016
URI,2016
UTX,2016
UHS,2016
UNM,2016
URBN,2016
VFC,2016
VLO,2016
VAR,2016
VTR,2016
VRSN,2016
VRSK,2016
VZ,2016
VRTX,2016
VIAB,2016
V,2016
VNO,2016
VMC,2016
WMT,2016
WBA,2016
DIS,2016
WM,2016
WAT,2016
WEC,2016
WFC,2016
HCN,2016
WDC,2016
WU,2016
WRK,2016
WY,2016
WHR,2016
WFM,2016
WMB,2016
WLTW,2016
WYN,2016
WYNN,2016
XEL,2016
XRX,2016
XLNX,2016
XL,2016
XYL,2016
YHOO,2016
YUM,2016
ZBH,2016
ZION,2016
ZTS,2016
MMM,2015
ABT,2015
ABBV,2015
ACN,2015
ACE,2015
ATVI,2015
ADBE,2015
ADT,2015
AAP,2015
AES,2015
AET,2015
AFL,2015
AMG,2015
A,2015
GAS,2015
APD,2015
ARG,2015
AKAM,2015
AA,2015
AGN,2015
ALXN,2015
ALLE,2015
ADS,2015
ALL,2015
GOOGL,2015
GOOG,2015
MO,2015
AMZN,2015
AEE,2015
AAL,2015
AEP,2015
AXP,2015
AIG,2015
AMT,2015
AMP,2015
ABC,2015
AME,2015
AMGN,2015
APH,2015
APC,2015
ADI,2015
AON,2015
APA,2015
AIV,2015
AAPL,2015
AMAT,2015
ADM,2015
AIZ,2015
T,2015
ADSK,2015
ADP,2015
AN,2015
AZO,2015
AVGO,2015
AVB,2015
AVY,2015
BHI,2015
BLL,2015
BAC,2015
BK,2015
BCR,2015
BXLT,2015
BAX,2015
BBT,2015
BDX,2015
BBBY,2015
BRK-B,2015
BBY,2015
BIIB,2015
BLK,2015
HRB,2015
BA,2015
BWA,2015
BXP,2015
BSX,2015
BMY,2015
BRCM,2015
BF-B,2015
CHRW,2015
CA,2015
CVC,2015
COG,2015
CAM,2015
CPB,2015
COF,2015
CAH,2015
HSIC,2015
KMX,2015
CCL,2015
CAT,2015
CBG,2015
CBS,2015
CELG,2015
CNP,2015
CTL,2015
CERN,2015
CF,2015
SCHW,2015
CHK,2015
CVX,2015
CMG,2015
CB,2015
CHD,2015
CI,2015
XEC,2015
CINF,2015
CTAS,2015
CSCO,2015
C,2015
CTXS,2015
CLX,2015
CME,2015
CMS,2015
COH,2015
KO,2015
CCE,2015
CTSH,2015
CL,2015
CPGX,2015
CMCSA,2015
CMA,2015
CAG,2015
COP,2015
CNX,2015
ED,2015
STZ,2015
GLW,2015
COST,2015
CCI,2015
CSRA,2015
CSX,2015
CMI,2015
CVS,2015
DHI,2015
DHR,2015
DRI,2015
DVA,2015
DE,2015
DLPH,2015
DAL,2015
XRAY,2015
DVN,2015
DO,2015
DFS,2015
DISCA,2015
DISCK,2015
DG,2015
DLTR,2015
D,2015
DOV,2015
DOW,2015
DPS,2015
DTE,2015
DD,2015
DUK,2015
DNB,2015
ETFC,2015
EMN,2015
ETN,2015
EBAY,2015
ECL,2015
EIX,2015
EW,2015
EA,2015
EMC,2015
EMR,2015
ENDP,2015
ESV,2015
ETR,2015
EOG,2015
EQT,2015
EFX,2015
EQIX,2015
EQR,2015
ESS,2015
EL,2015
ES,2015
EXC,2015
EXPE,2015
EXPD,2015
ESRX,2015
XOM,2015
FFIV,2015
FB,2015
FAST,2015
FDX,2015
FIS,2015
FITB,2015
FSLR,2015
FE,2015
FISV,2015
FLIR,2015
FLS,2015
FLR,2015
FMC,2015
FTI,2015
F,2015
FOSL,2015
BEN,2015
FCX,2015
FTR,2015
GME,2015
GPS,2015
GRMN,2015
GD,2015
GE,2015
GGP,2015
GIS,2015
GM,2015
GPC,2015
GILD,2015
GS,2015
GT,2015
GWW,2015
HAL,2015
HBI,2015
HOG,2015
HAR,2015
HRS,2015
HIG,2015
HAS,2015
HCA,2015
HCP,2015
HP,2015
HES,2015
HPE,2015
HD,2015
HON,2015
HRL,2015
HST,2015
HPQ,2015
HUM,2015
HBAN,2015
ITW,2015
ILMN,2015
IR,2015
INTC,2015
ICE,2015
IBM,2015
IP,2015
IPG,2015
IFF,2015
INTU,2015
ISRG,2015
IVZ,2015
IRM,2015
JEC,2015
JBHT,2015
JNJ,2015
JCI,2015
JPM,2015
JNPR,2015
KSU,2015
K,2015
KEY,2015
GMCR,2015
KMB,2015
KIM,2015
KMI,2015
KLAC,2015
KSS,2015
KHC,2015
KR,2015
LB,2015
LLL,2015
LH,2015
LRCX,2015
LM,2015
LEG,2015
LEN,2015
LVLT,2015
LUK,2015
LLY,2015
LNC,2015
LLTC,2015
LMT,2015
L,2015
LOW,2015
LYB,2015
MTB,2015
MAC,2015
M,2015
MNK,2015
MRO,2015
MPC,2015
MAR,2015
MMC,2015
MLM,2015
MAS,2015
MA,2015
MAT,2015
MKC,2015
MCD,2015
MHFI,2015
MCK,2015
MJN,2015
WRK,2015
MDT,2015
MRK,2015
MET,2015
KORS,2015
MCHP,2015
MU,2015
MSFT,2015
MHK,2015
TAP,2015
MDLZ,2015
MON,2015
MNST,2015
MCO,2015
MS,2015
MOS,2015
MSI,2015
MUR,2015
MYL,2015
NDAQ,2015
NOV,2015
NAVI,2015
NTAP,2015
NFLX,2015
NWL,2015
NFX,2015
NEM,2015
NWSA,2015
NWS,2015
NEE,2015
NLSN,2015
NKE,2015
NI,2015
NBL,2015
JWN,2015
NSC,2015
NTRS,2015
NOC,2015
NRG,2015
NUE,2015
NVDA,2015
ORLY,2015
OXY,2015
OMC,2015
OKE,2015
ORCL,2015
OI,2015
PCAR,2015
PH,2015
PDCO,2015
PAYX,2015
PYPL,2015
PNR,2015
PBCT,2015
POM,2015
PEP,2015
PKI,2015
PRGO,2015
PFE,2015
PCG,2015
PM,2015
PSX,2015
PNW,2015
PXD,2015
PBI,2015
PCL,2015
PNC,2015
RL,2015
PPG,2015
PPL,2015
PX,2015
PCP,2015
PCLN,2015
PFG,2015
PG,2015
PGR,2015
PLD,2015
PRU,2015
PEG,2015
PSA,2015
PHM,2015
PVH,2015
QRVO,2015
PWR,2015
QCOM,2015
DGX,2015
RRC,2015
RTN,2015
O,2015
RHT,2015
REGN,2015
RF,2015
RSG,2015
RAI,2015
RHI,2015
ROK,2015
COL,2015
ROP,2015
ROST,2015
RCL,2015
R,2015
CRM,2015
SNDK,2015
SCG,2015
SLB,2015
SNI,2015
STX,2015
SEE,2015
SRE,2015
SHW,2015
SIG,2015
SPG,2015
SWKS,2015
SLG,2015
SJM,2015
SNA,2015
SO,2015
LUV,2015
SWN,2015
SE,2015
STJ,2015
SWK,2015
SPLS,2015
SBUX,2015
HOT,2015
STT,2015
SRCL,2015
SYK,2015
STI,2015
SYMC,2015
SYF,2015
SYY,2015
TROW,2015
TGT,2015
TEL,2015
TE,2015
TGNA,2015
THC,2015
TDC,2015
TSO,2015
TXN,2015
TXT,2015
HSY,2015
TRV,2015
TMO,2015
TIF,2015
TWX,2015
TWC,2015
TJX,2015
TMK,2015
TSS,2015
TSCO,2015
RIG,2015
TRIP,2015
FOXA,2015
FOX,2015
TSN,2015
TYC,2015
USB,2015
UA,2015
UNP,2015
UAL,2015
UNH,2015
UPS,2015
URI,2015
UTX,2015
UHS,2015
UNM,2015
URBN,2015
VFC,2015
VLO,2015
VAR,2015
VTR,2015
VRSN,2015
VRSK,2015
VZ,2015
VRTX,2015
VIAB,2015
V,2015
VNO,2015
VMC,2015
WMT,2015
WBA,2015
DIS,2015
WM,2015
WAT,2015
ANTM,2015
WFC,2015
HCN,2015
WDC,2015
WU,2015
WY,2015
WHR,2015
WFM,2015
WMB,2015
WEC,2015
WYN,2015
WYNN,2015
XEL,2015
XRX,2015
XLNX,2015
XL,2015
XYL,2015
YHOO,2015
YUM,2015
ZBH,2015
ZION,2015
ZTS,2015
MMM,2014
ABT,2014
ABBV,2014
ACE,2014
ACN,2014
ACT,2014
ADBE,2014
ADT,2014
AES,2014
AET,2014
AFL,2014
AMG,2014
A,2014
GAS,2014
APD,2014
ARG,2014
AKAM,2014
AA,2014
ALXN,2014
ATI,2014
ALLE,2014
AGN,2014
ADS,2014
ALL,2014
ALTR,2014
MO,2014
AMZN,2014
AEE,2014
AEP,2014
AXP,2014
AIG,2014
AMT,2014
AMP,2014
ABC,2014
AME,2014
AMGN,2014
APH,2014
APC,2014
ADI,2014
AON,2014
APA,2014
AIV,2014
AAPL,2014
AMAT,2014
ADM,2014
AIZ,2014
T,2014
ADSK,2014
ADP,2014
AN,2014
AZO,2014
AVGO,2014
AVB,2014
AVY,2014
AVP,2014
BHI,2014
BLL,2014
BAC,2014
BK,2014
BCR,2014
BAX,2014
BBT,2014
BDX,2014
BBBY,2014
BRK.B,2014
BBY,2014
BIIB,2014
BLK,2014
HRB,2014
BA,2014
BWA,2014
BXP,2014
BSX,2014
BMY,2014
BRCM,2014
BF.B,2014
CHRW,2014
CA,2014
CVC,2014
COG,2014
CAM,2014
CPB,2014
COF,2014
CAH,2014
CFN,2014
KMX,2014
CCL,2014
CAT,2014
CBG,2014
CBS,2014
CELG,2014
CNP,2014
CTL,2014
CERN,2014
CF,2014
SCHW,2014
CHK,2014
CVX,2014
CMG,2014
CB,2014
CI,2014
XEC,2014
CINF,2014
CTAS,2014
CSCO,2014
C,2014
CTXS,2014
CLX,2014
CME,2014
CMS,2014
COH,2014
KO,2014
CCE,2014
CTSH,2014
CL,2014
CMCSA,2014
CMA,2014
CSC,2014
CAG,2014
COP,2014
CNX,2014
ED,2014
STZ,2014
GLW,2014
COST,2014
COV,2014
CCI,2014
CSX,2014
CMI,2014
CVS,2014
DHI,2014
DHR,2014
DRI,2014
DVA,2014
DE,2014
DLPH,2014
DAL,2014
DNR,2014
XRAY,2014
DVN,2014
DO,2014
DTV,2014
DFS,2014
DISCA,2014
DISCK,2014
DG,2014
DLTR,2014
D,2014
DOV,2014
DOW,2014
DPS,2014
DTE,2014
DD,2014
DUK,2014
DNB,2014
ETFC,2014
EMN,2014
ETN,2014
EBAY,2014
ECL,2014
EIX,2014
EW,2014
EA,2014
EMC,2014
EMR,2014
ESV,2014
ETR,2014
EOG,2014
EQT,2014
EFX,2014
EQR,2014
ESS,2014
EL,2014
EXC,2014
EXPE,2014
EXPD,2014
ESRX,2014
XOM,2014
FFIV,2014
FB,2014
FDO,2014
FAST,2014
FDX,2014
FIS,2014
FITB,2014
FSLR,2014
FE,2014
FISV,2014
FLIR,2014
FLS,2014
FLR,2014
FMC,2014
FTI,2014
F,2014
FOSL,2014
BEN,2014
FCX,2014
FTR,2014
GME,2014
GCI,2014
GPS,2014
GRMN,2014
GD,2014
GE,2014
GGP,2014
GIS,2014
GM,2014
GPC,2014
GNW,2014
GILD,2014
GS,2014
GT,2014
GOOGL,2014
GOOG,2014
GWW,2014
HAL,2014
HOG,2014
HAR,2014
HRS,2014
HIG,2014
HAS,2014
HCP,2014
HCN,2014
HP,2014
HES,2014
HPQ,2014
HD,2014
HON,2014
HRL,2014
HSP,2014
HST,2014
HCBK,2014
HUM,2014
HBAN,2014
ITW,2014
IR,2014
TEG,2014
INTC,2014
ICE,2014
IBM,2014
IP,2014
IPG,2014
IFF,2014
INTU,2014
ISRG,2014
IVZ,2014
IRM,2014
JEC,2014
JNJ,2014
JCI,2014
JOY,2014
JPM,2014
JNPR,2014
KSU,2014
K,2014
KEY,2014
GMCR,2014
KMB,2014
KIM,2014
KMI,2014
KLAC,2014
KSS,2014
KRFT,2014
KR,2014
LB,2014
LLL,2014
LH,2014
LRCX,2014
LM,2014
LEG,2014
LEN,2014
LVLT,2014
LUK,2014
LLY,2014
LNC,2014
LLTC,2014
LMT,2014
L,2014
LO,2014
LOW,2014
LYB,2014
MTB,2014
MAC,2014
M,2014
MNK,2014
MRO,2014
MPC,2014
MAR,2014
MMC,2014
MAS,2014
MA,2014
MAT,2014
MKC,2014
MCD,2014
MHFI,2014
MCK,2014
MJN,2014
MWV,2014
MDT,2014
MRK,2014
MET,2014
KORS,2014
MCHP,2014
MU,2014
MSFT,2014
MHK,2014
TAP,2014
MDLZ,2014
MON,2014
MNST,2014
MCO,2014
MS,2014
MOS,2014
MSI,2014
MUR,2014
MYL,2014
NBR,2014
NDAQ,2014
NOV,2014
NAVI,2014
NTAP,2014
NFLX,2014
NWL,2014
NFX,2014
NEM,2014
NWSA,2014
NEE,2014
NLSN,2014
NKE,2014
NI,2014
NE,2014
NBL,2014
JWN,2014
NSC,2014
NTRS,2014
NOC,2014
NU,2014
NRG,2014
NUE,2014
NVDA,2014
ORLY,2014
OXY,2014
OMC,2014
OKE,2014
ORCL,2014
OI,2014
PCG,2014
PCAR,2014
PLL,2014
PH,2014
PDCO,2014
PAYX,2014
PNR,2014
PBCT,2014
POM,2014
PEP,2014
PKI,2014
PRGO,2014
PETM,2014
PFE,2014
PM,2014
PSX,2014
PNW,2014
PXD,2014
PBI,2014
PCL,2014
PNC,2014
RL,2014
PPG,2014
PPL,2014
PX,2014
PCP,2014
PCLN,2014
PFG,2014
PG,2014
PGR,2014
PLD,2014
PRU,2014
PEG,2014
PSA,2014
PHM,2014
PVH,2014
QEP,2014
PWR,2014
QCOM,2014
DGX,2014
RRC,2014
RTN,2014
RHT,2014
REGN,2014
RF,2014
RSG,2014
RAI,2014
RHI,2014
ROK,2014
COL,2014
ROP,2014
ROST,2014
RCL,2014
R,2014
SWY,2014
CRM,2014
SNDK,2014
SCG,2014
SLB,2014
SNI,2014
STX,2014
SEE,2014
SRE,2014
SHW,2014
SIAL,2014
SPG,2014
SJM,2014
SNA,2014
SO,2014
LUV,2014
SWN,2014
SE,2014
STJ,2014
SWK,2014
SPLS,2014
SBUX,2014
HOT,2014
STT,2014
SRCL,2014
SYK,2014
STI,2014
SYMC,2014
SYY,2014
TROW,2014
TGT,2014
TEL,2014
TE,2014
THC,2014
TDC,2014
TSO,2014
TXN,2014
TXT,2014
HSY,2014
TRV,2014
TMO,2014
TIF,2014
TWX,2014
TWC,2014
TJX,2014
TMK,2014
TSS,2014
TSCO,2014
RIG,2014
TRIP,2014
FOXA,2014
TSN,2014
TYC,2014
USB,2014
UA,2014
UNP,2014
UNH,2014
UPS,2014
MLM,2014
URI,2014
UTX,2014
UHS,2014
UNM,2014
URBN,2014
VFC,2014
VLO,2014
VAR,2014
VTR,2014
VRSN,2014
VZ,2014
VRTX,2014
VIAB,2014
V,2014
VNO,2014
VMC,2014
WMT,2014
WAG,2014
DIS,2014
WM,2014
WAT,2014
ANTM,2014
WFC,2014
WDC,2014
WU,2014
WY,2014
WHR,2014
WFM,2014
WMB,2014
WIN,2014
WEC,2014
WYN,2014
WYNN,2014
XEL,2014
XRX,2014
XLNX,2014
XL,2014
XYL,2014
YHOO,2014
YUM,2014
ZMH,2014
ZION,2014
ZTS,2014
MMM,2013
ABT,2013
ABBV,2013
ACE,2013
ACN,2013
ACT,2013
ADBE,2013
ADT,2013
AES,2013
AET,2013
AFL,2013
A,2013
GAS,2013
APD,2013
ARG,2013
AKAM,2013
AA,2013
ALXN,2013
ATI,2013
ALLE,2013
AGN,2013
ADS,2013
ALL,2013
ALTR,2013
MO,2013
AMZN,2013
AEE,2013
AEP,2013
AXP,2013
AIG,2013
AMT,2013
AMP,2013
ABC,2013
AME,2013
AMGN,2013
APH,2013
APC,2013
ADI,2013
AON,2013
APA,2013
AIV,2013
AAPL,2013
AMAT,2013
ADM,2013
AIZ,2013
T,2013
ADSK,2013
ADP,2013
AN,2013
AZO,2013
AVB,2013
AVY,2013
AVP,2013
BHI,2013
BLL,2013
BAC,2013
BK,2013
BCR,2013
BAX,2013
BBT,2013
BEAM,2013
BDX,2013
BBBY,2013
BMS,2013
BRK.B,2013
BBY,2013
BIIB,2013
BLK,2013
HRB,2013
BA,2013
BWA,2013
BXP,2013
BSX,2013
BMY,2013
BRCM,2013
BF.B,2013
CHRW,2013
CA,2013
CVC,2013
COG,2013
CAM,2013
CPB,2013
COF,2013
CAH,2013
CFN,2013
KMX,2013
CCL,2013
CAT,2013
CBG,2013
CBS,2013
CELG,2013
CNP,2013
CTL,2013
CERN,2013
CF,2013
SCHW,2013
CHK,2013
CVX,2013
CMG,2013
CB,2013
CI,2013
CINF,2013
CTAS,2013
CSCO,2013
C,2013
CTXS,2013
CLF,2013
CLX,2013
CME,2013
CMS,2013
COH,2013
KO,2013
CCE,2013
CTSH,2013
CL,2013
CMCSA,2013
CMA,2013
CSC,2013
CAG,2013
COP,2013
CNX,2013
ED,2013
STZ,2013
GLW,2013
COST,2013
COV,2013
CCI,2013
CSX,2013
CMI,2013
CVS,2013
DHI,2013
DHR,2013
DRI,2013
DVA,2013
DE,2013
DLPH,2013
DAL,2013
DNR,2013
XRAY,2013
DVN,2013
DO,2013
DTV,2013
DFS,2013
DISCA,2013
DG,2013
DLTR,2013
D,2013
DOV,2013
DOW,2013
DPS,2013
DTE,2013
DD,2013
DUK,2013
DNB,2013
ETFC,2013
EMN,2013
ETN,2013
EBAY,2013
ECL,2013
EIX,2013
EW,2013
EA,2013
EMC,2013
EMR,2013
ESV,2013
ETR,2013
EOG,2013
EQT,2013
EFX,2013
EQR,2013
EL,2013
EXC,2013
EXPE,2013
EXPD,2013
ESRX,2013
XOM,2013
FFIV,2013
FB,2013
FDO,2013
FAST,2013
FDX,2013
FIS,2013
FITB,2013
FSLR,2013
FE,2013
FISV,2013
FLIR,2013
FLS,2013
FLR,2013
FMC,2013
FTI,2013
F,2013
FRX,2013
FOSL,2013
BEN,2013
FCX,2013
FTR,2013
GME,2013
GCI,2013
GPS,2013
GRMN,2013
GD,2013
GE,2013
GGP,2013
GIS,2013
GM,2013
GPC,2013
GNW,2013
GILD,2013
GS,2013
GT,2013
GOOG,2013
GWW,2013
HAL,2013
HOG,2013
HAR,2013
HRS,2013
HIG,2013
HAS,2013
HCP,2013
HCN,2013
HP,2013
HES,2013
HPQ,2013
HD,2013
HON,2013
HRL,2013
HSP,2013
HST,2013
HCBK,2013
HUM,2013
HBAN,2013
ITW,2013
IR,2013
TEG,2013
INTC,2013
ICE,2013
IBM,2013
IGT,2013
IP,2013
IPG,2013
IFF,2013
INTU,2013
ISRG,2013
IVZ,2013
IRM,2013
JBL,2013
JEC,2013
JNJ,2013
JCI,2013
JOY,2013
JPM,2013
JNPR,2013
KSU,2013
K,2013
KEY,2013
KMB,2013
KIM,2013
KMI,2013
KLAC,2013
KSS,2013
KRFT,2013
KR,2013
LB,2013
LLL,2013
LH,2013
LRCX,2013
LM,2013
LEG,2013
LEN,2013
LUK,2013
LIFE,2013
LLY,2013
LNC,2013
LLTC,2013
LMT,2013
L,2013
LO,2013
LOW,2013
LSI,2013
LYB,2013
MTB,2013
MAC,2013
M,2013
MRO,2013
MPC,2013
MAR,2013
MMC,2013
MAS,2013
MA,2013
MAT,2013
MKC,2013
MCD,2013
MHFI,2013
MCK,2013
MJN,2013
MWV,2013
MDT,2013
MRK,2013
MET,2013
MCHP,2013
MU,2013
MSFT,2013
MHK,2013
TAP,2013
MDLZ,2013
MON,2013
MNST,2013
MCO,2013
MS,2013
MOS,2013
MSI,2013
MUR,2013
MYL,2013
NBR,2013
NDAQ,2013
NOV,2013
NTAP,2013
NFLX,2013
NWL,2013
NFX,2013
NEM,2013
NWSA,2013
NEE,2013
NLSN,2013
NKE,2013
NI,2013
NE,2013
NBL,2013
JWN,2013
NSC,2013
NTRS,2013
NOC,2013
NU,2013
NRG,2013
NUE,2013
NVDA,2013
KORS,2013
ORLY,2013
OXY,2013
OMC,2013
OKE,2013
ORCL,2013
OI,2013
PCG,2013
PCAR,2013
PLL,2013
PH,2013
PDCO,2013
PAYX,2013
BTU,2013
PNR,2013
PBCT,2013
POM,2013
PEP,2013
PKI,2013
PRGO,2013
PETM,2013
PFE,2013
PM,2013
PSX,2013
PNW,2013
PXD,2013
PBI,2013
PCL,2013
PNC,2013
RL,2013
PPG,2013
PPL,2013
PX,2013
PCP,2013
PCLN,2013
PFG,2013
PG,2013
PGR,2013
PLD,2013
PRU,2013
PEG,2013
PSA,2013
PHM,2013
PVH,2013
QEP,2013
PWR,2013
QCOM,2013
DGX,2013
RRC,2013
RTN,2013
RHT,2013
REGN,2013
RF,2013
RSG,2013
RAI,2013
RHI,2013
ROK,2013
COL,2013
ROP,2013
ROST,2013
RDC,2013
R,2013
SWY,2013
CRM,2013
SNDK,2013
SCG,2013
SLB,2013
SNI,2013
STX,2013
SEE,2013
SRE,2013
SHW,2013
SIAL,2013
SPG,2013
SLM,2013
SJM,2013
SNA,2013
SO,2013
LUV,2013
SWN,2013
SE,2013
STJ,2013
SWK,2013
SPLS,2013
SBUX,2013
HOT,2013
STT,2013
SRCL,2013
SYK,2013
STI,2013
SYMC,2013
SYY,2013
TROW,2013
TGT,2013
TEL,2013
TE,2013
THC,2013
TDC,2013
TSO,2013
TXN,2013
TXT,2013
HSY,2013
TRV,2013
TMO,2013
TIF,2013
TWX,2013
TWC,2013
TJX,2013
TMK,2013
TSS,2013
RIG,2013
TRIP,2013
FOXA,2013
TSN,2013
TYC,2013
USB,2013
UNP,2013
UNH,2013
UPS,2013
X,2013
UTX,2013
UNM,2013
URBN,2013
VFC,2013
VLO,2013
VAR,2013
VTR,2013
VRSN,2013
VZ,2013
VRTX,2013
VIAB,2013
V,2013
VNO,2013
VMC,2013
WMT,2013
WAG,2013
DIS,2013
GHC,2013
WM,2013
WAT,2013
WLP,2013
WFC,2013
WDC,2013
WU,2013
WY,2013
WHR,2013
WFM,2013
WMB,2013
WIN,2013
WEC,2013
WPX,2013
WYN,2013
WYNN,2013
XEL,2013
XRX,2013
XLNX,2013
XL,2013
XYL,2013
YHOO,2013
YUM,2013
ZMH,2013
ZION,2013
ZTS,2013
MMM,2012
ABT,2012
ANF,2012
ACE,2012
ACN,2012
ADBE,2012
ADT,2012
AMD,2012
AES,2012
AET,2012
AFL,2012
A,2012
GAS,2012
APD,2012
ARG,2012
AKAM,2012
AA,2012
ALXN,2012
ATI,2012
AGN,2012
ALL,2012
ALTR,2012
MO,2012
AMZN,2012
AEE,2012
AEP,2012
AXP,2012
AIG,2012
AMT,2012
AMP,2012
ABC,2012
AMGN,2012
APH,2012
APC,2012
ADI,2012
AON,2012
APA,2012
AIV,2012
APOL,2012
AAPL,2012
AMAT,2012
ADM,2012
AIZ,2012
T,2012
ADSK,2012
ADP,2012
AN,2012
AZO,2012
AVB,2012
AVY,2012
AVP,2012
BHI,2012
BLL,2012
BAC,2012
BK,2012
BCR,2012
BAX,2012
BBT,2012
BEAM,2012
BDX,2012
BBBY,2012
BMS,2012
BRK.B,2012
BBY,2012
BIG,2012
BIIB,2012
BLK,2012
HRB,2012
BMC,2012
BA,2012
BWA,2012
BXP,2012
BSX,2012
BMY,2012
BRCM,2012
BF.B,2012
CHRW,2012
CA,2012
CVC,2012
COG,2012
CAM,2012
CPB,2012
COF,2012
CAH,2012
CFN,2012
KMX,2012
CCL,2012
CAT,2012
CBG,2012
CBS,2012
CELG,2012
CNP,2012
CTL,2012
CERN,2012
CF,2012
SCHW,2012
CHK,2012
CVX,2012
CMG,2012
CB,2012
CI,2012
CINF,2012
CTAS,2012
CSCO,2012
C,2012
CTXS,2012
CLF,2012
CLX,2012
CME,2012
CMS,2012
COH,2012
KO,2012
CCE,2012
CTSH,2012
CL,2012
CMCSA,2012
CMA,2012
CSC,2012
CAG,2012
COP,2012
CNX,2012
ED,2012
STZ,2012
GLW,2012
COST,2012
CVH,2012
COV,2012
CCI,2012
CSX,2012
CMI,2012
CVS,2012
DHI,2012
DHR,2012
DRI,2012
DVA,2012
DF,2012
DE,2012
DELL,2012
DLPH,2012
DNR,2012
XRAY,2012
DVN,2012
DO,2012
DTV,2012
DFS,2012
DISCA,2012
DG,2012
DLTR,2012
D,2012
DOV,2012
DOW,2012
DPS,2012
DTE,2012
DD,2012
DUK,2012
DNB,2012
ETFC,2012
EMN,2012
ETN,2012
EBAY,2012
ECL,2012
EIX,2012
EW,2012
EA,2012
EMC,2012
EMR,2012
ESV,2012
ETR,2012
EOG,2012
EQT,2012
EFX,2012
EQR,2012
EL,2012
EXC,2012
EXPE,2012
EXPD,2012
ESRX,2012
XOM,2012
FFIV,2012
FDO,2012
FAST,2012
FII,2012
FDX,2012
FIS,2012
FITB,2012
FHN,2012
FSLR,2012
FE,2012
FISV,2012
FLIR,2012
FLS,2012
FLR,2012
FMC,2012
FTI,2012
F,2012
FRX,2012
FOSL,2012
BEN,2012
FCX,2012
FTR,2012
GME,2012
GCI,2012
GPS,2012
GRMN,2012
GD,2012
GE,2012
GIS,2012
GPC,2012
GNW,2012
GILD,2012
GS,2012
GT,2012
GOOG,2012
GWW,2012
HAL,2012
HOG,2012
HAR,2012
HRS,2012
HIG,2012
HAS,2012
HCP,2012
HCN,2012
HNZ,2012
HP,2012
HES,2012
HPQ,2012
HD,2012
HON,2012
HRL,2012
HSP,2012
HST,2012
HCBK,2012
HUM,2012
HBAN,2012
ITW,2012
IR,2012
TEG,2012
INTC,2012
ICE,2012
IBM,2012
IFF,2012
IGT,2012
IP,2012
IPG,2012
INTU,2012
ISRG,2012
IVZ,2012
IRM,2012
JBL,2012
JEC,2012
JDSU,2012
JNJ,2012
JCI,2012
JOY,2012
JPM,2012
JNPR,2012
K,2012
KEY,2012
KMB,2012
KIM,2012
KMI,2012
KLAC,2012
KSS,2012
KRFT,2012
KR,2012
LLL,2012
LH,2012
LRCX,2012
LM,2012
LEG,2012
LEN,2012
LUK,2012
LIFE,2012
LLY,2012
LTD,2012
LNC,2012
LLTC,2012
LMT,2012
L,2012
LO,2012
LOW,2012
LSI,2012
LYB,2012
MTB,2012
M,2012
MRO,2012
MPC,2012
MAR,2012
MMC,2012
MAS,2012
MA,2012
MAT,2012
MKC,2012
MCD,2012
MHP,2012
MCK,2012
MJN,2012
MWV,2012
MDT,2012
MRK,2012
MET,2012
PCS,2012
MCHP,2012
MU,2012
MSFT,2012
MOLX,2012
TAP,2012
MDLZ,2012
MON,2012
MNST,2012
MCO,2012
MS,2012
MOS,2012
MSI,2012
MUR,2012
MYL,2012
NBR,2012
NDAQ,2012
NOV,2012
NTAP,2012
NFLX,2012
NWL,2012
NFX,2012
NEM,2012
NWSA,2012
NEE,2012
NKE,2012
NI,2012
NE,2012
NBL,2012
JWN,2012
NSC,2012
NTRS,2012
NOC,2012
NU,2012
NRG,2012
NUE,2012
NVDA,2012
NYX,2012
ORLY,2012
OXY,2012
OMC,2012
OKE,2012
ORCL,2012
OI,2012
PCAR,2012
PLL,2012
PH,2012
PDCO,2012
PAYX,2012
BTU,2012
JCP,2012
PNR,2012
PBCT,2012
POM,2012
PEP,2012
PKI,2012
PRGO,2012
PETM,2012
PFE,2012
PCG,2012
PM,2012
PSX,2012
PNW,2012
PXD,2012
PBI,2012
PCL,2012
PNC,2012
RL,2012
PPG,2012
PPL,2012
PX,2012
PCP,2012
PCLN,2012
PFG,2012
PG,2012
PGR,2012
PLD,2012
PRU,2012
PEG,2012
PSA,2012
PHM,2012
QEP,2012
PWR,2012
QCOM,2012
DGX,2012
RRC,2012
RTN,2012
RHT,2012
RF,2012
RSG,2012
RAI,2012
RHI,2012
ROK,2012
COL,2012
ROP,2012
ROST,2012
RDC,2012
R,2012
SWY,2012
SAI,2012
CRM,2012
SNDK,2012
SCG,2012
SLB,2012
SNI,2012
STX,2012
SEE,2012
SRE,2012
SHW,2012
SIAL,2012
SPG,2012
SLM,2012
SJM,2012
SNA,2012
SO,2012
LUV,2012
SWN,2012
SE,2012
S,2012
STJ,2012
SWK,2012
SPLS,2012
SBUX,2012
HOT,2012
STT,2012
SRCL,2012
SYK,2012
STI,2012
SYMC,2012
SYY,2012
TROW,2012
TGT,2012
TEL,2012
TE,2012
THC,2012
TDC,2012
TER,2012
TSO,2012
TXN,2012
TXT,2012
HSY,2012
TRV,2012
TMO,2012
TIF,2012
TWX,2012
TWC,2012
TJX,2012
TMK,2012
TSS,2012
TRIP,2012
TSN,2012
TYC,2012
USB,2012
UNP,2012
UNH,2012
UPS,2012
X,2012
UTX,2012
UNM,2012
URBN,2012
VFC,2012
VLO,2012
VAR,2012
VTR,2012
VRSN,2012
VZ,2012
VIAB,2012
V,2012
VNO,2012
VMC,2012
WMT,2012
WAG,2012
DIS,2012
WPO,2012
WM,2012
WAT,2012
WPI,2012
WLP,2012
WFC,2012
WDC,2012
WU,2012
WY,2012
WHR,2012
WFM,2012
WMB,2012
WIN,2012
WEC,2012
WPX,2012
WYN,2012
WYNN,2012
XEL,2012
XRX,2012
XLNX,2012
XL,2012
XYL,2012
YHOO,2012
YUM,2012
ZMH,2012
ZION,2012
MMM,2011
ACE,2011
ABT,2011
ANF,2011
ACN,2011
ADBE,2011
AMD,2011
AES,2011
AET,2011
AFL,2011
A,2011
GAS,2011
APD,2011
ARG,2011
AKAM,2011
AA,2011
ATI,2011
AGN,2011
ALL,2011
ALTR,2011
MO,2011
AMZN,2011
AEE,2011
AEP,2011
AXP,2011
AIG,2011
AMT,2011
AMP,2011
ABC,2011
AMGN,2011
APH,2011
APC,2011
ADI,2011
AON,2011
APA,2011
AIV,2011
APOL,2011
AAPL,2011
AMAT,2011
ADM,2011
AIZ,2011
T,2011
ADSK,2011
ADP,2011
AN,2011
AZO,2011
AVB,2011
AVY,2011
AVP,2011
BHI,2011
BLL,2011
BAC,2011
BK,2011
BCR,2011
BAX,2011
BBT,2011
BDX,2011
BBBY,2011
BMS,2011
BRK.B,2011
BBY,2011
BIG,2011
BIIB,2011
BLK,2011
HRB,2011
BMC,2011
BA,2011
BWA,2011
BXP,2011
BSX,2011
BMY,2011
BRCM,2011
BF.B,2011
CHRW,2011
CA,2011
CVC,2011
COG,2011
CAM,2011
CPB,2011
COF,2011
CAH,2011
CFN,2011
KMX,2011
CCL,2011
CAT,2011
CBG,2011
CBS,2011
CELG,2011
CNP,2011
CTL,2011
CERN,2011
CF,2011
SCHW,2011
CHK,2011
CVX,2011
CB,2011
CI,2011
CINF,2011
CTAS,2011
CSCO,2011
C,2011
CTXS,2011
CLF,2011
CLX,2011
CME,2011
CMS,2011
COH,2011
KO,2011
CCE,2011
CTSH,2011
CL,2011
CMCSA,2011
CMA,2011
CSC,2011
CPWR,2011
CAG,2011
COP,2011
CNX,2011
ED,2011
STZ,2011
CEG,2011
GLW,2011
COST,2011
CVH,2011
COV,2011
CSX,2011
CMI,2011
CVS,2011
DHI,2011
DHR,2011
DRI,2011
DVA,2011
DF,2011
DE,2011
DELL,2011
DNR,2011
XRAY,2011
DVN,2011
DV,2011
DO,2011
DTV,2011
DFS,2011
DISCA,2011
DLTR,2011
D,2011
RRD,2011
DOV,2011
DOW,2011
DPS,2011
DTE,2011
DD,2011
DUK,2011
DNB,2011
ETFC,2011
EMN,2011
ETN,2011
EBAY,2011
ECL,2011
EIX,2011
EW,2011
EP,2011
EA,2011
EMC,2011
EMR,2011
ETR,2011
EOG,2011
EQT,2011
EFX,2011
EQR,2011
EL,2011
EXC,2011
EXPE,2011
EXPD,2011
ESRX,2011
XOM,2011
FFIV,2011
FDO,2011
FAST,2011
FII,2011
FDX,2011
FIS,2011
FITB,2011
FHN,2011
FSLR,2011
FE,2011
FISV,2011
FLIR,2011
FLS,2011
FLR,2011
FMC,2011
FTI,2011
F,2011
FRX,2011
BEAM,2011
BEN,2011
FCX,2011
FTR,2011
GME,2011
GCI,2011
GPS,2011
GD,2011
GE,2011
GIS,2011
GPC,2011
GNW,2011
GILD,2011
GS,2011
GR,2011
GT,2011
GOOG,2011
GWW,2011
HAL,2011
HOG,2011
HAR,2011
HRS,2011
HIG,2011
HAS,2011
HCP,2011
HCN,2011
HNZ,2011
HP,2011
HES,2011
HPQ,2011
HD,2011
HON,2011
HRL,2011
HSP,2011
HST,2011
HCBK,2011
HUM,2011
HBAN,2011
ITW,2011
TEG,2011
INTC,2011
ICE,2011
IBM,2011
IFF,2011
IGT,2011
IP,2011
IPG,2011
INTU,2011
ISRG,2011
IVZ,2011
IRM,2011
XYL,2011
JBL,2011
JEC,2011
CBE,2011
JDSU,2011
JNJ,2011
JCI,2011
JOY,2011
JPM,2011
JNPR,2011
K,2011
KEY,2011
KMB,2011
KIM,2011
KLAC,2011
KSS,2011
KFT,2011
KR,2011
LLL,2011
LH,2011
LM,2011
LEG,2011
LEN,2011
LUK,2011
LXK,2011
LIFE,2011
LLY,2011
LTD,2011
LNC,2011
LLTC,2011
LMT,2011
L,2011
LO,2011
LOW,2011
LSI,2011
MTB,2011
M,2011
MRO,2011
MPC,2011
MAR,2011
MMC,2011
MAS,2011
ANR,2011
MA,2011
MAT,2011
MKC,2011
MCD,2011
MHP,2011
MCK,2011
MJN,2011
MWV,2011
MHS,2011
MDT,2011
MRK,2011
MET,2011
PCS,2011
MCHP,2011
MU,2011
MSFT,2011
MOLX,2011
TAP,2011
MON,2011
MCO,2011
MS,2011
MOS,2011
MMI,2011
MSI,2011
MUR,2011
MYL,2011
NBR,2011
NDAQ,2011
NOV,2011
NTAP,2011
NFLX,2011
NWL,2011
NFX,2011
NEM,2011
NWSA,2011
NEE,2011
NKE,2011
NI,2011
NE,2011
NBL,2011
JWN,2011
NSC,2011
NTRS,2011
NOC,2011
NU,2011
CMG,2011
NVLS,2011
NRG,2011
NUE,2011
NVDA,2011
NYX,2011
ORLY,2011
OXY,2011
OMC,2011
OKE,2011
ORCL,2011
OI,2011
PCAR,2011
IR,2011
PLL,2011
PH,2011
PDCO,2011
PAYX,2011
BTU,2011
JCP,2011
PBCT,2011
POM,2011
PEP,2011
PKI,2011
PRGO,2011
PFE,2011
PCG,2011
PM,2011
PNW,2011
PXD,2011
PBI,2011
PCL,2011
PNC,2011
RL,2011
PPG,2011
PPL,2011
PX,2011
PCP,2011
PCLN,2011
PFG,2011
PG,2011
PGN,2011
PGR,2011
PLD,2011
PRU,2011
PEG,2011
PSA,2011
PHM,2011
QEP,2011
PWR,2011
QCOM,2011
DGX,2011
RRC,2011
RTN,2011
RHT,2011
RF,2011
RSG,2011
RAI,2011
RHI,2011
ROK,2011
COL,2011
ROP,2011
ROST,2011
RDC,2011
R,2011
SWY,2011
SAI,2011
CRM,2011
SNDK,2011
SLE,2011
SCG,2011
SLB,2011
SNI,2011
SEE,2011
SHLD,2011
SRE,2011
SHW,2011
SIAL,2011
SPG,2011
SLM,2011
SJM,2011
SNA,2011
SO,2011
LUV,2011
SWN,2011
SE,2011
S,2011
STJ,2011
SWK,2011
SPLS,2011
SBUX,2011
HOT,2011
STT,2011
SRCL,2011
SYK,2011
SUN,2011
STI,2011
SVU,2011
SYMC,2011
SYY,2011
TROW,2011
TGT,2011
TEL,2011
TE,2011
THC,2011
TDC,2011
TER,2011
TSO,2011
TXN,2011
TXT,2011
HSY,2011
TRV,2011
TMO,2011
TIF,2011
TWX,2011
TWC,2011
TIE,2011
TJX,2011
TMK,2011
TSS,2011
TRIP,2011
TSN,2011
TYC,2011
USB,2011
UNP,2011
UNH,2011
UPS,2011
X,2011
UTX,2011
UNM,2011
URBN,2011
VFC,2011
VLO,2011
VAR,2011
VTR,2011
VRSN,2011
VZ,2011
VIAB,2011
V,2011
VNO,2011
VMC,2011
WMT,2011
WAG,2011
DIS,2011
WPO,2011
WM,2011
WAT,2011
WPI,2011
WLP,2011
WFC,2011
WDC,2011
WU,2011
WY,2011
WHR,2011
WFM,2011
WMB,2011
WIN,2011
WEC,2011
WYN,2011
WYNN,2011
XEL,2011
XRX,2011
XLNX,2011
XL,2011
YHOO,2011
YUM,2011
ZMH,2011
ZION,2011
MMM,2010
ACE,2010
ABT,2010
ANF,2010
ADBE,2010
AMD,2010
AES,2010
AET,2010
AFL,2010
A,2010
APD,2010
ARG,2010
AKS,2010
AKAM,2010
AA,2010
AYE,2010
ATI,2010
AGN,2010
ALL,2010
ALTR,2010
MO,2010
AMZN,2010
AEE,2010
AEP,2010
AXP,2010
AIG,2010
AMT,2010
AMP,2010
ABC,2010
AMGN,2010
APH,2010
APC,2010
ADI,2010
AON,2010
APA,2010
AIV,2010
APOL,2010
AAPL,2010
AMAT,2010
ADM,2010
AIZ,2010
T,2010
ADSK,2010
ADP,2010
AN,2010
AZO,2010
AVB,2010
AVY,2010
AVP,2010
BHI,2010
BLL,2010
BAC,2010
BK,2010
BCR,2010
BAX,2010
BBT,2010
BDX,2010
BBBY,2010
BMS,2010
BRKB,2010
BBY,2010
BIG,2010
BIIB,2010
HRB,2010
BMC,2010
BA,2010
BXP,2010
BSX,2010
BMY,2010
BRCM,2010
BFB,2010
CHRW,2010
CA,2010
COG,2010
CAM,2010
CPB,2010
COF,2010
CAH,2010
CFN,2010
KMX,2010
CCL,2010
CAT,2010
CBG,2010
CBS,2010
CELG,2010
CNP,2010
CTL,2010
CEPH,2010
CERN,2010
CF,2010
SCHW,2010
CHK,2010
CVX,2010
CB,2010
CI,2010
CINF,2010
CTAS,2010
CSCO,2010
C,2010
CTXS,2010
CLF,2010
CLX,2010
CME,2010
CMS,2010
COH,2010
KO,2010
CCE,2010
CTSH,2010
CL,2010
CMCSA,2010
CMA,2010
CSC,2010
CPWR,2010
CAG,2010
COP,2010
CNX,2010
ED,2010
STZ,2010
CEG,2010
GLW,2010
COST,2010
CVH,2010
CSX,2010
CMI,2010
CVS,2010
DHI,2010
DHR,2010
DRI,2010
DVA,2010
DF,2010
DE,2010
DELL,2010
DNR,2010
XRAY,2010
DVN,2010
DV,2010
DO,2010
DTV,2010
DFS,2010
DISCA,2010
D,2010
RRD,2010
DOV,2010
DOW,2010
DPS,2010
DTE,2010
DD,2010
DUK,2010
DNB,2010
ETFC,2010
EMN,2010
EK,2010
ETN,2010
EBAY,2010
ECL,2010
EIX,2010
EP,2010
ERTS,2010
EMC,2010
EMR,2010
ETR,2010
EOG,2010
EQT,2010
EFX,2010
EQR,2010
EL,2010
EXC,2010
EXPE,2010
EXPD,2010
ESRX,2010
XOM,2010
FDO,2010
FAST,2010
FII,2010
FDX,2010
FIS,2010
FITB,2010
FHN,2010
FSLR,2010
FE,2010
FISV,2010
FLIR,2010
FLS,2010
FLR,2010
FMC,2010
FTI,2010
F,2010
FRX,2010
FO,2010
BEN,2010
FCX,2010
FTR,2010
GME,2010
GCI,2010
GPS,2010
GD,2010
GE,2010
GIS,2010
GPC,2010
GNW,2010
GENZ,2010
GILD,2010
GS,2010
GR,2010
GT,2010
GOOG,2010
GWW,2010
HAL,2010
HOG,2010
HAR,2010
HRS,2010
HIG,2010
HAS,2010
HCP,2010
HCN,2010
HNZ,2010
HP,2010
HES,2010
HPQ,2010
HD,2010
HON,2010
HRL,2010
HSP,2010
HST,2010
HCBK,2010
HUM,2010
HBAN,2010
ITW,2010
TEG,2010
INTC,2010
ICE,2010
IBM,2010
IFF,2010
IGT,2010
IP,2010
IPG,2010
INTU,2010
ISRG,2010
IVZ,2010
IRM,2010
ITT,2010
JBL,2010
JEC,2010
JNS,2010
JDSU,2010
JNJ,2010
JCI,2010
JPM,2010
JNPR,2010
K,2010
KEY,2010
KMB,2010
KIM,2010
KG,2010
KLAC,2010
KSS,2010
KFT,2010
KR,2010
LLL,2010
LH,2010
LM,2010
LEG,2010
LEN,2010
LUK,2010
LXK,2010
LIFE,2010
LLY,2010
LTD,2010
LNC,2010
LLTC,2010
LMT,2010
L,2010
LO,2010
LOW,2010
LSI,2010
MTB,2010
M,2010
MRO,2010
MAR,2010
MMC,2010
MI,2010
MAS,2010
MEE,2010
MA,2010
MAT,2010
MFE,2010
MKC,2010
MCD,2010
MHP,2010
MCK,2010
MJN,2010
MWV,2010
MHS,2010
MDT,2010
WFR,2010
MRK,2010
MDP,2010
MET,2010
PCS,2010
MCHP,2010
MU,2010
MSFT,2010
MOLX,2010
TAP,2010
MON,2010
MWW,2010
MCO,2010
MS,2010
MOT,2010
MUR,2010
MYL,2010
NBR,2010
NDAQ,2010
NOV,2010
NSM,2010
NTAP,2010
NYT,2010
NWL,2010
NEM,2010
NWSA,2010
NEE,2010
GAS,2010
NKE,2010
NI,2010
NBL,2010
JWN,2010
NSC,2010
NTRS,2010
NOC,2010
NU,2010
NOVL,2010
NVLS,2010
NRG,2010
NUE,2010
NVDA,2010
NYX,2010
ORLY,2010
OXY,2010
ODP,2010
OMC,2010
OKE,2010
ORCL,2010
OI,2010
PCAR,2010
IR,2010
PLL,2010
PH,2010
PDCO,2010
PAYX,2010
BTU,2010
JCP,2010
PBCT,2010
POM,2010
PEP,2010
PKI,2010
PFE,2010
PCG,2010
PM,2010
PNW,2010
PXD,2010
PBI,2010
PCL,2010
PNC,2010
RL,2010
PPG,2010
PPL,2010
PX,2010
PCP,2010
PCLN,2010
PFG,2010
PG,2010
PGN,2010
PGR,2010
PLD,2010
PRU,2010
PEG,2010
PSA,2010
PHM,2010
QEP,2010
QLGC,2010
PWR,2010
QCOM,2010
DGX,2010
Q,2010
RSH,2010
RRC,2010
RTN,2010
RHT,2010
RF,2010
RSG,2010
RAI,2010
RHI,2010
ROK,2010
COL,2010
ROP,2010
ROST,2010
RDC,2010
R,2010
SWY,2010
SAI,2010
CRM,2010
SNDK,2010
SLE,2010
SCG,2010
SLB,2010
SNI,2010
SEE,2010
SHLD,2010
SRE,2010
SHW,2010
SIAL,2010
SPG,2010
SLM,2010
SJM,2010
SNA,2010
SO,2010
LUV,2010
SWN,2010
SE,2010
S,2010
STJ,2010
SWK,2010
SPLS,2010
SBUX,2010
HOT,2010
STT,2010
SRCL,2010
SYK,2010
SUN,2010
STI,2010
SVU,2010
SYMC,2010
SYY,2010
TROW,2010
TGT,2010
TE,2010
TLAB,2010
THC,2010
TDC,2010
TER,2010
TSO,2010
TXN,2010
TXT,2010
HSY,2010
TRV,2010
TMO,2010
TIF,2010
TWX,2010
TWC,2010
TIE,2010
TJX,2010
TMK,2010
TSS,2010
TSN,2010
TYC,2010
USB,2010
UNP,2010
UNH,2010
UPS,2010
X,2010
UTX,2010
UNM,2010
URBN,2010
VFC,2010
VLO,2010
VAR,2010
VTR,2010
VRSN,2010
VZ,2010
VIAB,2010
V,2010
VNO,2010
VMC,2010
WMT,2010
WAG,2010
DIS,2010
WPO,2010
WM,2010
WAT,2010
WPI,2010
WLP,2010
WFC,2010
WDC,2010
WU,2010
WY,2010
WHR,2010
WFMI,2010
WMB,2010
WIN,2010
WEC,2010
WYN,2010
WYNN,2010
XEL,2010
XRX,2010
XLNX,2010
XL,2010
YHOO,2010
YUM,2010
ZMH,2010
ZION,2010
